id,sequence,structure,log_gamma,score,cnt,predicted_loop_type
id_00cd52aa9,GGAAAAUGCUUGGAAUAGGAAGAGGAUCUCGAAUUGUGUAGCGGACUCGGGUGUGCUAUACAAUUCGGCAUCCUUUUCCACUUUCAAGUGUUCGUAUCUUCGGAUACGAAAAAGAAACAACAACAACAAC,.....(((((((((((.((((((((((.(((((((((((((((.((....)).))))))))))))))).))))))))))).))))))))))(((((((....)))))))....(......).........,2,0.9553613867625661,3,EEEEESSSSSSSSSSSBSSSSSSSSSSISSSSSSSSSSSSSSSISSHHHHSSISSSSSSSSSSSSSSSISSSSSSSSSSSBSSSSSSSSSSSSSSSSSHHHHSSSSSSSXXXXSHHHHHHSEEEEEEEEE
id_008d87c43,GGAAACGUCUGUAGCACGCGGCUACAGACGAAUAGGUAGACAGCACGCUGCUGUCUACCAAUAGCAGAGAUGCACGGAGCAUCUCUGCAAAGACAAGUUUCGACUUGUCAAAAGAAACAACAACAACAAC,.....((((((((((.....))))))))))....(((((((((((...)))))))))))....((((((((((.....))))))))))...(((((((....))))))).....................,0,0.9833280784074016,4,EEEEESSSSSSSSSSHHHHHSSSSSSSSSSXXXXSSSSSSSSSSSHHHSSSSSSSSSSSXXXXSSSSSSSSSSHHHHHSSSSSSSSSSXXXSSSSSSSHHHHSSSSSSSEEEEEEEEEEEEEEEEEEEEE
id_003ab2445,GGAAAGACUCAGAGGUGAAGGUCAUCACGGCUGAUAGGAGACUAUCAGGCGAGGAUGACGAGUCACAUCAUGGCAGGGAACUGUCAUGAUGCUAGAUGUUCGCAUCUAGAAAAGAAACAACAACAACAAC,(....((((((....)....((((((.((.(((((((....))))))).))..))))))))))).(((((((((((....)))))))))))(((((((....)))))))....(......).....)...,2,0.9561803039028439,3,SMMMMSSSSSSHHHHSMMMMSSSSSSISSISSSSSSSHHHHSSSSSSSISSIISSSSSSSSSSSMSSSSSSSSSSSHHHHSSSSSSSSSSSSSSSSSSHHHHSSSSSSSMMMMSHHHHHHSMMMMMSEEE
id_0051b1d76,GGAAAGAACAGGAAUCUCAAAUGCUUCGGAUCGUUAAGAUCGGAAGCAGAAGAGAUUCCCAACAAUAAUAACAGCAAUAUCAACGAUAACACGACUUGUUCGCAAGUCGAAAAGAAACAACAACAACAAC,(.......).((((((((...((((((.((((.....)))).))))))...))))))))..................((((...))))...(((((((....)))))))....(......).........,2,0.8979779482686711,5,SHHHHHHHSXSSSSSSSSIIISSSSSSISSSSHHHHHSSSSISSSSSSIIISSSSSSSSXXXXXXXXXXXXXXXXXXSSSSHHHSSSSXXXSSSSSSSHHHHSSSSSSSXXXXSHHHHHHSEEEEEEEEE
id_0172c2cb6,GGAAAAUGCGAUCUAGGUAUAUAAGGAUGUUGUAGAAGAUCUUAUAACAUCCAUGUAUUUAGACGCUACUGUUCAUUCGUGGAUAGAAAAGAAACAACAACAACAAC,.......(((.(((((((((((..((((((((((((...).)))))))))))))))))))))))))..(((((((....))))))).....................,1,0.9532180008847294,5,EEEEEEESSSBSSSSSSSSSSSBBSSSSSSSSSSSSHHHSBSSSSSSSSSSSSSSSSSSSSSSSSSXXSSSSSSSHHHHSSSSSSSEEEEEEEEEEEEEEEEEEEEE
id_00583aef6,GGAAAAUGCUUGGAAUAGGAAGAGGAUCUCGAAUUGUGUAGCGGACAACCGUGUGCUAUACAAUUCGGCAUCCUUUUCCACUUUCAAGUGUUCAUCGCUUCGGCGAUGAAAAAGAAACAACAACAACAAC,.....(((((((((((.((((((((((.(((((((((((((((.((....)).))))))))))))))).))))))))))).))))))))))(((((((....)))))))....(......).........,2,0.9562594431543151,3,EEEEESSSSSSSSSSSBSSSSSSSSSSISSSSSSSSSSSSSSSISSHHHHSSISSSSSSSSSSSSSSSISSSSSSSSSSSBSSSSSSSSSSSSSSSSSHHHHSSSSSSSMMMMSHHHHHHSEEEEEEEEE
id_010ab0472,GGAAAGCAUGGGACCACGAUUCACAUCGGUCUGCACGUAGGACAUUCUUGUAGUUAGGUUCUACGUCAAUGGGAGUUCGCUUCUAUAAAAGAAACAACAACAACAAC,.....((...(((((..(((....))))))))))(((((((((...((...))....)))))))))..(((((((....))))))).....................,1,0.8876855553137734,5,EEEEESSBBBSSSSSBBSSSHHHHSSSSSSSSSSSSSSSSSSSIIISSHHHSSIIIISSSSSSSSSMMSSSSSSSHHHHSSSSSSSEEEEEEEEEEEEEEEEEEEEE
id_00fcc5cd1,GGAAAGCCAUACCUAGGCGCAAGCCUAGGUAUGGCGGUGAUCUGGUAGCGCAAGCUACCAGAUCACCAGCGAAGCUUCGGCUUCGCAAAAGAAACAACAACAACAAC,(....(((((((((((((....)))))))))))))((((((((((((((....)))))))))))))).(((((((....)))))))....(......).....)...,2,0.9706193194988048,3,SMMMMSSSSSSSSSSSSSHHHHSSSSSSSSSSSSSSSSSSSSSSSSSSSHHHHSSSSSSSSSSSSSSMSSSSSSSHHHHSSSSSSSMMMMSHHHHHHSMMMMMSEEE
id_00b436dec,GGAAAUCAUCGAGGACGGGUCCGUUCAGCACGCGAAAGCGUCGUGAACGGACACAAGUCCUCGAUGAACGAAUGCUUCGGCGUUCGAAAAGAAACAACAACAACAAC,.....(((((((((((.((((((((((..((((....))))..))))))))).)..))))))))))).(((((((....))))))).....................,1,0.9846427445626672,4,EEEEESSSSSSSSSSSISSSSSSSSSSIISSSSHHHHSSSSIISSSSSSSSSBSIISSSSSSSSSSSXSSSSSSSHHHHSSSSSSSEEEEEEEEEEEEEEEEEEEEE
id_00abef1d7,GGAAAACAAUUGCAUCGUUAGUACGACUCCACAGCGUAAGCUGUGGAGUCGGAAGUCGAUGCAACAAAGCAAAGCUUCGGCUUUGCAAAAGAAACAACAACAACAAC,(.....)..((((((((((..(.((((((((((((....)))))))))))).))).))))))))....(((((((....)))))))....(......).........,8,0.9127152665785303,2,SHHHHHSXXSSSSSSSSSSBBSISSSSSSSSSSSSHHHHSSSSSSSSSSSSISSSBSSSSSSSSXXXXSSSSSSSHHHHSSSSSSSXXXXSHHHHHHSEEEEEEEEE
id_00ab2d761,GGAAAGCGCCGCGGCGGUAGCGGCAGCGAGGAGCGCUACCAAGGCACAGCGCCGCAGCGGCACACACACCGUAAGUUCGCUUGCGGAAAAGAAACAACAACAACAAC,.....(.(((((.(((((((((.(........))))))))..(((.....))))).))))).).....(((((((....))))))).....................,1,0.8385005439918582,4,EEEEESISSSSSISSSSSSSSSBSHHHHHHHHSSSSSSSSMMSSSHHHHHSSSSSISSSSSISXXXXXSSSSSSSHHHHSSSSSSSEEEEEEEEEEEEEEEEEEEEE
id_0087940f4,GGAAAAUAUAUAAUAUAUUAUAUAAAUAUAUUAUAGAAGUAUAAUAUAUUAUAUAAAUAUAUAUAUAUAAAAUAUUUCGAUAUUUUAAAAGAAACAACAACAACAAC,.....((((((.((((((((((((.((((((((((....)))))))))))))))).))))))))))))(((((((....))))))).....................,1,0.8313470416706774,4,EEEEESSSSSSBSSSSSSSSSSSSBSSSSSSSSSSHHHHSSSSSSSSSSSSSSSSBSSSSSSSSSSSSSSSSSSSHHHHSSSSSSSEEEEEEEEEEEEEEEEEEEEE
id_0082d463b,GGAAAAGCGCGCGCGCGCGCGCGAAAAAGCGCGCGCGCGCGCGCGCGCGCGCGCCCUAGUCGUGGUGCUCGAGGUUUCGACCUCGAAAAAGAAACAACAACAACAAC,(.....((((((((((((((((......))))))))))))))))((((.(((((....).))))))))(((((((....)))))))....(......).....)...,2,0.6062302207328518,4,SMMMMMSSSSSSSSSSSSSSSSHHHHHHSSSSSSSSSSSSSSSSSSSSBSSSSSHHHHSBSSSSSSSSSSSSSSSHHHHSSSSSSSMMMMSHHHHHHSMMMMMSEEE
id_006a0ab6e,GGAAACGUCUAGCAAGAGCUAGACGAGGUAGAGCCAAUGCUCUACCAGCAGAUGCGCAAGCAUCUGCACGUGUAGCUACGGCUACACGAAAGUGGGCGUUCGCGCCCACAAAAGAAACAACAACAACAAC,(....((((((((....)))))))).((((((((....)))))))).((((((((....)))))))).((((((((....))))))))...(((((((....))))))).................)...,1,0.9798415010867099,3,SMMMMSSSSSSSSHHHHSSSSSSSSMSSSSSSSSHHHHSSSSSSSSMSSSSSSSSHHHHSSSSSSSSMSSSSSSSSHHHHSSSSSSSSMMMSSSSSSSHHHHSSSSSSSMMMMMMMMMMMMMMMMMSEEE
id_006af2226,GGAAACGUGCGAGGCUGGCGAGAGCCAGCGGGAUAAGGGAGCGUGAAGAUGCUAUUUAUUCCAGGGAUAAUGAGACAUUAUUCCCUGCCCGGAAGACCUUCGGGUCUUCAAAAGAAACAACAACAACAAC,.....((.((...((((((....))))))((((((((..(((((....))))).)))))))).(((((((((...)))))).))).)).))(((((((....))))))).....................,0,0.9216251252891225,5,EEEEESSISSMMMSSSSSSHHHHSSSSSSSSSSSSSSIISSSSSHHHHSSSSSISSSSSSSSMSSSSSSSSSHHHSSSSSSBSSSMSSISSSSSSSSSHHHHSSSSSSSEEEEEEEEEEEEEEEEEEEEE
id_006f36f57,GGAAAGUGCUCAGAUAAGCUAAGCUCGAAUAGCAAUCGAAUAGAAUCGAAAUAGCAUCGAUGUGUAUAUGGGUGGUUCGCCGCUCAAAAAGAAACAACAACAACAAC,...................................((((......))))...................(((((((....))))))).....................,0,0.5803661193645483,5,EEEEEEEEEEEEEEEEEEEEEEEEEEEEEEEEEEESSSSHHHHHHSSSSXXXXXXXXXXXXXXXXXXXSSSSSSSHHHHSSSSSSSEEEEEEEEEEEEEEEEEEEEE
id_0049f53ba,GGAAAAAGCGCGCGCGGUUAGCGCGCGCUUUUGCGCGCGCUGUACCGCGCGCGCUUAUGCAAGUUGCCCGCGGCGUUCGCGCUGUGAAAAGAAACAACAACAACAAC,.....(((((((((((((((((((((((....)))))))))).)))))))))))))............(((((((....))))))).....................,0,0.9424243333579405,4,EEEEESSSSSSSSSSSSSSSSSSSSSSSHHHHSSSSSSSSSSBSSSSSSSSSSSSSXXXXXXXXXXXXSSSSSSSHHHHSSSSSSSEEEEEEEEEEEEEEEEEEEEE
id_001f94081,GGAAAAGCUCUAAUAACAGGAGACUAGGACUACGUAUUUCUAGGUAACUGGAAUAACCCAUACCAGCAGUUAGAGUUCGCUCUAACAAAAGAAACAACAACAACAAC,.......((((.......))))..............................................(((((((....))))))).....................,0,0.628534150520377,4,EEEEEEESSSSHHHHHHHSSSSXXXXXXXXXXXXXXXXXXXXXXXXXXXXXXXXXXXXXXXXXXXXXXSSSSSSSHHHHSSSSSSSEEEEEEEEEEEEEEEEEEEEE
id_00710bcba,GGAAACGUCUAGCCUGCGCUAGACGAGGUAGAGCCUUAGCUCUACCAGCAGAUGCCUUCGCAUCUGCACGUGUAGCCUUUGCUACACGAAAGAUCGGGUUCGCCCGAUCAAAAGAAACAACAACAACAAC,(....((((((((....)))))))).((((((((....)))))))).((((((((....)))))))).((((((((....))))))))...(((((((....))))))).................)...,1,0.9801126000456665,3,SMMMMSSSSSSSSHHHHSSSSSSSSMSSSSSSSSHHHHSSSSSSSSMSSSSSSSSHHHHSSSSSSSSMSSSSSSSSHHHHSSSSSSSSMMMSSSSSSSHHHHSSSSSSSMMMMMMMMMMMMMMMMMSEEE
id_0197d5afb,GGAAAGCGAUCACGAAAACCGAAACGAGAAACAUGAAACAAGUAACUCGAACGGAAAAUCGAGCUCGCGAGGUGCUUCGGUGUCUCAAAAGAAACAACAACAACAAC,.....((((.(.(((...(((...((((..((.((...)).))..))))..)))....))).).))))(((((((....)))))))....(......).........,2,0.8987981923492785,3,EEEEESSSSISISSSIIISSSIIISSSSIISSISSHHHSSISSIISSSSIISSSIIIISSSISISSSSSSSSSSSHHHHSSSSSSSMMMMSHHHHHHSEEEEEEEEE
id_0031191b7,GGAAAUGUCUACAUAGGAGUGCUGCGGGACGGUAACGUCAUGACCGAUUGCUCUCUGACCGAGACACGGUGACGUGAUAGCGGCUAUGUAGGGCCAACUUCGGUUGGCCAAAAGAAACAACAACAACAAC,........(((((((((((.((..(((((((....))))....)))...)).)))...(((..(((((....)))).)..)))))))))))(((((((....))))))).....................,0,0.9313708377657856,5,EEEEEEEESSSSSSSSSSSISSIISSSSSSSHHHHSSSSBBBBSSSIIISSISSSMMMSSSIISSSSSHHHHSSSSBSIISSSSSSSSSSSSSSSSSSHHHHSSSSSSSEEEEEEEEEEEEEEEEEEEEE
id_019a556b1,GGAAAGUCAUACGAUAGCAUUUAACACAUAUAUUAAGAGAUAGCAUUAUACUCAACACAAGAUAGUACGGUCUGUUUCGACAGGCCAAAAGAAACAACAACAACAAC,....................................(((((......)).)))...............(((((((....))))))).....................,0,0.7131639816605324,6,EEEEEEEEEEEEEEEEEEEEEEEEEEEEEEEEEEEESSSSSHHHHHHSSBSSSXXXXXXXXXXXXXXXSSSSSSSHHHHSSSSSSSEEEEEEEEEEEEEEEEEEEEE
id_01f38f83d,GGAAACCGAAUCGGAGACUACUAUAGUUGAGUAAUCGUCGACUUUAUGCGAUCGUAUUACUGCUACGACUUGCGAUUCGUCGCAAGAAAAGAAACAACAACAACAAC,.....(((...)))...............(((((((((((.(.....)))).)).)))))).......(((((((....))))))).....................,0,0.7857930882781916,5,EEEEESSSHHHSSSXXXXXXXXXXXXXXXSSSSSSSSSSSBSHHHHHSSSSBSSBSSSSSSXXXXXXXSSSSSSSHHHHSSSSSSSEEEEEEEEEEEEEEEEEEEEE
id_00ca60e44,GGAAAGCAGGAGGCCGAGGAUCCUGCGCUAUGAGGAAACCAUAGACGCAGAGAUCCACGAACCACCGCGGUUGACUUCGGUCAACCAAAAGAAACAACAACAACAAC,.....((.((.((.((.(((((((((((((((.(....)))))).))))).))))).))..)).))))(((((((....)))))))....(......).........,2,0.9590173310484625,3,EEEEESSBSSISSISSISSSSSSSSSSSSSSSBSHHHHSSSSSSBSSSSSBSSSSSISSIISSISSSSSSSSSSSHHHHSSSSSSSXXXXSHHHHHHSEEEEEEEEE
id_00c4348c4,GGAAAGCUACAAUGGCGCAUACAAAGAGUAGCGACCUCGCGAGAGCAAGCGGACCUCAUAAAGUGCGUCGUAGUCCGGAUUGGAGUCUGCAGCAGAUCUUCGGAUCUGCAAAAGAAACAACAACAACAAC,((...(((((...(((((((.....(((..((...(((....)))...))....))).....)))))))))))))).........(((...(((((((....)))))))...)))...............,0,0.875231942044998,5,SSBBBSSSSSBBBSSSSSSSIIIIISSSIISSIIISSSHHHHSSSIIISSIIIISSSIIIIISSSSSSSSSSSSSSXXXXXXXXXSSSIIISSSSSSSHHHHSSSSSSSIIISSSEEEEEEEEEEEEEEE
id_000ae4237,GGAAACGGGUUCCGCGGAUUGCUGCUAAUAAGAGUAAUCUCUAAAUGCAGCUACCGGCUCUAUAAUGAGCAAAAACGGUAAAUCCCGACAAGCUUGAUUUCGAUCAAGCAAAAGAAACAACAACAACAAC,.....((((((((((((.(.(((((...(.((((....)))))...))))).))))((((......)))).....))).).).))))....(((((((....))))))).....................,1,0.8338604906119991,5,EEEEESSSSSSSSSSSSBSISSSSSIIISBSSSSHHHHSSSSSIIISSSSSISSSSSSSSHHHHHHSSSSMMMMMSSSBSBSBSSSSXXXXSSSSSSSHHHHSSSSSSSEEEEEEEEEEEEEEEEEEEEE
id_00131c573,GGAAAACAAAACGGCCUGGAAGACGAAGGAAUUCGGCGCGAAGGCCAACGGAUACGAGGGCGAAACAAGCCUAACUUCGGUUAGGCAAAAGAAACAACAACAACAAC,(.....)....((.(((.(.(..((..((..((((...))))..))..))..).).))).))......(((((((....)))))))....(......).........,3,0.9403294652258352,2,SHHHHHSMMMMSSISSSISISIISSIISSIISSSSHHHSSSSIISSIISSIISISISSSISSMMMMMMSSSSSSSHHHHSSSSSSSMMMMSHHHHHHSEEEEEEEEE
id_00073f8be,GGAAAAGUACGACUUGAGUACGGAAAACGUACCAACUCGAUUAAAAUGGUCAAAGAGGUCGAAAUACAGAUGACCUUCGGGUUAUCAAAAGAAACAACAACAACAAC,.........((((.((.(((((.....)))))))....(((((...)))))......)))).......(((((((....))))))).....................,0,0.8379114918820951,4,EEEEEEEEESSSSMSSBSSSSSHHHHHSSSSSSSMMMMSSSSSHHHSSSSSMMMMMMSSSSXXXXXXXSSSSSSSHHHHSSSSSSSEEEEEEEEEEEEEEEEEEEEE
id_020105a22,GGAAAGGGCCCGGCGGGCCCAACGGCCGCCGCGGCCGCAACGGCAACAACAACAACACAGCAAACAAACGCGCGCUUCGGCGCGCGAAAAGAAACAACAACAACAAC,......(((((((((.(((....)))))))).))))................................(((((((....))))))).....................,0,0.8999284849309261,5,EEEEEESSSSSSSSSBSSSHHHHSSSSSSSSBSSSSXXXXXXXXXXXXXXXXXXXXXXXXXXXXXXXXSSSSSSSHHHHSSSSSSSEEEEEEEEEEEEEEEEEEEEE
id_00181fd34,GGAAAGGAUCUCUAUCGAAGGAUAGAGAUCGCUCGCGACGGCACGAAGGUGGCGGAGUGAGCACCUUCGUAAGCCUUCGGGCUUACAAAAGAAACAACAACAACAAC,......((((((((((....))))))))))((((((..((.(((....))).))..))))))..(((.(((((((....)))))))..)))................,1,0.9462098470053518,3,EEEEEESSSSSSSSSSHHHHSSSSSSSSSSSSSSSSIISSISSSHHHHSSSISSIISSSSSSXXSSSISSSSSSSHHHHSSSSSSSIISSSEEEEEEEEEEEEEEEE
id_01e62ef42,GGAAACGCGCGCGCGCGCGCGCGCGCGCGCGCGCGCGCCGCGCGCGCGCGCGCGCGCGCGCGCGCGCGGGCCUGGUUCGCCAGGCUAAAAGAAACAACAACAACAAC,.....((((((((((((((((((((((((((((((...))))))))))))))))))))))))))))))(((((((....)))))))....(......).........,2,0.971416539524097,3,EEEEESSSSSSSSSSSSSSSSSSSSSSSSSSSSSSHHHSSSSSSSSSSSSSSSSSSSSSSSSSSSSSSSSSSSSSHHHHSSSSSSSMMMMSHHHHHHSEEEEEEEEE
id_009721b4c,GGAAAAUUUGGUUAGAUGUGCGUGUUGACAGUUUACUGUCAGCGCGCACAUCUAACCACCUCGCGCGUUUAACGCGUGAGGUUUAAUUAUGGUUAGCAUUCGUGCUGACAAAAGAAACAACAACAACAAC,.........((((((((((((((((((((((....))))))))))))))))))))))(((((((((((...))))))))))).........(((((((....))))))).....................,1,0.9734445940817951,4,EEEEEEEEESSSSSSSSSSSSSSSSSSSSSSHHHHSSSSSSSSSSSSSSSSSSSSSSSSSSSSSSSSSHHHSSSSSSSSSSSXXXXXXXXXSSSSSSSHHHHSSSSSSSEEEEEEEEEEEEEEEEEEEEE
id_0020473f7,GGAAACCCGCCCGCGCCCGCCCGCGCUGCUGCCGUGCCUCCUCUCCGAAGGGAGAGGAGGUGUGGUGGUGGUGUGGGUGGGUGUGGGUGGGCAAGGUUUUCGAACCUUGAAAAGAAACAACAACAACAAC,.....(((((((((((((((((((((((((((((((((((((((((....)))))))))))))))))))))))))))))))))))))))))(((((((....)))))))....(......).........,2,0.9809717634867396,3,EEEEESSSSSSSSSSSSSSSSSSSSSSSSSSSSSSSSSSSSSSSSSHHHHSSSSSSSSSSSSSSSSSSSSSSSSSSSSSSSSSSSSSSSSSSSSSSSSHHHHSSSSSSSXXXXSHHHHHHSEEEEEEEEE
id_00bca3932,GGAAAUAUCGACGGGUUCACAAGUAUCAGUGGAGACAUUGAUACUGAGGUGUUCUACGAGACGUAGAGCAUUUCAGAAUUCGUUGAUAGGAGAUGUGAUUCGUCAUAUCAAAAGAAACAACAACAACAAC,.....(((((((((((((...((((((((((....))))))))))(((((((((((((...))))))))))))).)))))))))))))...(((((((....))))))).....................,1,0.9856610456973685,4,EEEEESSSSSSSSSSSSSMMMSSSSSSSSSSHHHHSSSSSSSSSSSSSSSSSSSSSSSHHHSSSSSSSSSSSSSMSSSSSSSSSSSSSXXXSSSSSSSHHHHSSSSSSSEEEEEEEEEEEEEEEEEEEEE
id_01e2cf40a,GGAAAACAAAAACAAACAACAAAAACAAACAACAAAAACAAACAACAAAAACAAACAACAAAAACAAAGCUAUAGUUCGCUAUGGUAAAAGAAACAACAACAACAAC,(.....).............................................................(((((((....)))))))....(......).........,8,0.8671478548007568,2,SHHHHHSXXXXXXXXXXXXXXXXXXXXXXXXXXXXXXXXXXXXXXXXXXXXXXXXXXXXXXXXXXXXXSSSSSSSHHHHSSSSSSSXXXXSHHHHHHSEEEEEEEEE
id_01ccf95c0,GGAAAAGCGAACGACGAAACGCGGGCGCGAUGGACAGGAGGCUGACACCCAGCGGACUGGACGUCAAAGGCCGGCUUCGGCUGGCCAAAAGAAACAACAACAACAAC,(.....(((..((.((...))))..)))((((..(((...((((.....))))...)))..))))...(((((((....)))))))....(......).....)...,2,0.9508530172268105,3,SMMMMMSSSIISSBSSHHHSSSSIISSSSSSSIISSSIIISSSSHHHHHSSSSIIISSSIISSSSMMMSSSSSSSHHHHSSSSSSSMMMMSHHHHHHSMMMMMSEEE
id_002852873,GGAAAGCGAAACGCCGAGAAGACGUAGUUCGCAGAGCGGCGUACCCGGCAGCUACGUCGCGAUACGCAACGAUGCUUCGGCAUCGUAAAAGCCGCAGCUUCGGCUGCGGAAAAGAAACAACAACAACAAC,.....(((.(.(((......(((((((((.((....(((.....))))))))))))))))).).))).(((((((....))))))).....(((((((....))))))).....................,1,0.827585765874363,4,EEEEESSSISISSSBBBBBBSSSSSSSSSBSSBBBBSSSHHHHHSSSSSSSSSSSSSSSSSISISSSXSSSSSSSHHHHSSSSSSSXXXXXSSSSSSSHHHHSSSSSSSEEEEEEEEEEEEEEEEEEEEE
id_01bd6a9b8,GGAAAAGGAUCCCUAUGGAGCUGGGAUCUAGACCUACGGGUCUAGAUCCCAGCUCCAUAGGGAUCCAAGGACUGCUUCGGCAGUCCAAAAGAAACAACAACAACAAC,......((((((((((((((((((((((((((((....))))))))))))))))))))))))))))..(((((((....)))))))....(......).........,2,0.985445850416137,3,EEEEEESSSSSSSSSSSSSSSSSSSSSSSSSSSSHHHHSSSSSSSSSSSSSSSSSSSSSSSSSSSSXXSSSSSSSHHHHSSSSSSSXXXXSHHHHHHSEEEEEEEEE
id_01b53b647,GGAAAGCGGAAACGCCAUGUCAUGAAAAACGCAAAAAGAUAGACGAAAGUCUAUCGCGACAUGACAUGCACUGUGUUCGCGCGGUGAAAAGAAACAACAACAACAAC,(....(((....)))(((((((((.....(((.....(((((((....)))))))))).)))))))))(((((((....)))))))....(......).....)...,2,0.9453571849218599,3,SMMMMSSSHHHHSSSSSSSSSSSSIIIIISSSBBBBBSSSSSSSHHHHSSSSSSSSSSISSSSSSSSSSSSSSSSHHHHSSSSSSSMMMMSHHHHHHSMMMMMSEEE
id_0088b606f,GGAAACGAGUGGGUGGACUGCAGGUGCCGCCGCAUACUACGUCGGGUACCUGCAACCACGCACGUUUUUGUUGAAAUACAACGAAAACGAAGCCUUGCUUCGGCAAGGCAAAAGAAACAACAACAACAAC,........(((.((((..(((((((((((.((.......)).).)))))))))).)))).)))((((((((((.....))))))))))...(((((((....))))))).....................,1,0.9416265466371768,4,EEEEEEEESSSISSSSIISSSSSSSSSSSISSHHHHHHHSSISBSSSSSSSSSSISSSSISSSSSSSSSSSSSHHHHHSSSSSSSSSSMMMSSSSSSSHHHHSSSSSSSEEEEEEEEEEEEEEEEEEEEE
